Guest_id,Guest_Name,Guest_Address,Guest_Contact_Number,SSN,,,,,
1,James Christopher,"777 Brockton Avenue, Abington MA 2351",(220) 932-0137,253-09-1234,,,,,
2,Lewis Hill,"30 Memorial Drive, Avon MA 2322",(148) 483-5830,123-12-1675,,,,,
3,Thompson Allen,"250 Hartford Avenue, Bellingham MA 2019",(267) 131-0410,113-19-1290,,,,,
4,Martin Hall,"700 Oak Street, Brockton MA 2301",(494) 211-3403,354-90-1371,,,,,
5,Scott Turner,"66-4 Parkhurst Rd, Chelmsford MA 1824",(721) 159-4858,234-03-9238,,,,,
6,Lopez Perez,"591 Memorial Dr, Chicopee MA 1020",(878) 304-0219,225-49-2534,,,,,
7,Nelson Edwards,"55 Brooksby Village Way, Danvers MA 1923",(667) 324-9900,733-89-1640,,,,,
8,Thomas Brian,"137 Teaticket Hwy, East Falmouth MA 2536",(355) 171-5438,553-19-1341,,,,,
9,Maria Donna,"42 Fairhaven Commons Way, Fairhaven MA 2719",(304) 817-3010,263-45-1649,,,,,
10,Nancy Laura,"374 William S Canning Blvd, Fall River MA 2721",(888) 357-0919,253-09-1243,,,,,
